,,,,MADE BY @ MYFANTASYHOOPS,,,,,,,,,,,,
AVERAGE PROJECTIONS COMPILATION - MYFANTASYHOOPS PROJECTIONS,,,,,,,,,,,,,,,,
PLAYER,RANK,GP,MPG,FG%,FT%,PTS,3PM,REB,AST,STL,BLK,TO,FGM,FGA,FTM,FTA
Jimmy Butler,24,63,"33,7","0,510","0,856","21,7","0,5","6,2","5,3","1,7","0,4","1,8","6,9","13,6","7,1","8,3"
O.G. Anunoby,53,69,"34,7","0,470","0,802","18,2","2,3","5,0","2,5","1,7","0,7","2,0","7,1","15,2","2,0","2,6"
Tyrese Haliburton,6,71,"35,2","0,487","0,860","21,1","2,8","4,0","10,1","1,6","0,5","2,7","7,7","15,8","3,0","3,5"
Fred VanVleet,33,69,"34,1","0,400","0,889","18,7","3,1","3,8","6,4","1,6","0,5","2,2","6,1","15,2","3,2","3,7"
Herbert Jones,119,71,"29,7","0,476","0,799","9,9","0,8","4,0","2,4","1,6","0,7","1,3","3,6","7,5","1,9","2,4"
Alex Caruso,167,66,"26,3","0,436","0,786","7,0","1,0","3,3","3,4","1,6","0,6","1,3","2,5","5,6","1,2","1,5"
Marcus Smart,98,66,"32,2","0,412","0,772","12,4","1,9","3,5","6,0","1,6","0,3","2,3","4,3","10,4","1,8","2,3"
Matisse Thybulle,183,72,"25,0","0,449","0,720","6,4","1,1","3,0","1,2","1,6","0,8","0,6","2,4","5,3","0,5","0,7"
De'Anthony Melton,113,75,"26,3","0,427","0,784","10,8","2,0","4,2","2,7","1,6","0,6","1,5","3,9","9,2","1,1","1,4"
Delon Wright,179,66,"22,8","0,467","0,837","7,2","0,9","3,5","3,6","1,6","0,3","1,0","2,8","5,9","1,0","1,2"
Dejounte Murray,31,75,"36,0","0,462","0,820","20,7","1,8","5,6","6,2","1,5","0,3","2,2","8,3","18,0","2,2","2,7"
Shai Gilgeous-Alexander,5,71,"35,7","0,500","0,880","30,1","1,1","4,7","5,7","1,5","0,8","2,9","9,8","19,6","9,3","10,5"
LaMelo Ball,12,63,"35,1","0,426","0,849","23,0","3,7","6,6","8,4","1,5","0,4","3,5","8,3","19,4","2,9","3,4"
Anthony Edwards,16,76,"35,9","0,463","0,775","26,4","3,0","5,6","4,5","1,5","0,7","3,2","9,4","20,5","4,5","5,8"
Paul George,36,59,"34,5","0,449","0,868","23,5","2,9","6,2","5,1","1,5","0,4","3,2","8,1","18,0","4,4","5,1"
Jalen Williams,62,76,"32,8","0,522","0,817","16,0","1,2","4,9","3,3","1,5","0,5","1,8","6,1","11,7","2,6","3,2"
Donovan Mitchell,16,70,"35,5","0,468","0,858","27,3","3,5","4,3","4,6","1,5","0,3","2,7","9,7","20,7","4,5","5,3"
Kawhi Leonard,27,56,"34,1","0,505","0,869","24,3","2,0","6,4","4,2","1,4","0,5","1,8","8,6","17,0","4,8","5,6"
Markelle Fultz,94,64,"29,6","0,500","0,790","14,6","0,5","4,0","5,9","1,4","0,4","2,4","6,0","12,0","2,1","2,6"
Gary Trent Jr.,131,68,"27,2","0,424","0,839","15,0","2,3","2,4","1,5","1,4","0,2","0,8","5,3","12,7","2,1","2,6"
Jrue Holiday,47,67,"32,8","0,481","0,819","18,0","2,2","4,6","6,7","1,4","0,4","2,7","6,9","14,2","2,2","2,7"
Ben Simmons,123,52,"29,4","0,558","0,491","8,4","0,0","6,6","6,6","1,3","0,6","2,4","3,8","6,8","0,8","1,7"
Kentavious Caldwell-Pope,136,77,"30,8","0,451","0,846","11,3","1,8","3,0","2,3","1,3","0,4","1,2","4,0","8,9","1,5","1,8"
Chris Paul,75,60,"27,8","0,464","0,848","12,4","1,4","3,8","7,3","1,3","0,3","1,8","4,6","9,9","2,0","2,4"
Nikola Jokic,1,73,"33,6","0,604","0,821","24,7","1,1","11,8","9,3","1,3","0,7","3,6","9,3","15,3","4,8","5,9"
Luka Doncic,5,67,"35,8","0,483","0,746","30,8","3,0","8,8","7,9","1,3","0,5","3,6","10,4","21,6","7,2","9,6"
Tre Jones,100,70,"29,2","0,468","0,839","13,2","0,6","3,6","6,5","1,3","0,1","1,5","5,3","11,3","2,5","2,9"
Jalen Suggs,176,60,"26,3","0,400","0,740","10,6","1,2","3,0","3,3","1,3","0,5","2,0","3,7","9,3","2,0","2,6"
De'Aaron Fox,37,73,"34,8","0,498","0,767","25,0","1,6","4,1","6,3","1,3","0,4","2,6","9,4","18,9","4,7","6,2"
Tyus Jones,84,75,"30,7","0,436","0,810","13,3","1,8","3,3","7,0","1,3","0,1","1,3","5,0","11,5","1,4","1,8"
Jonathan Isaac,183,40,"20,4","0,431","0,616","7,4","0,8","6,8","0,9","1,3","0,7","0,7","2,7","6,5","0,8","1,3"
Bam Adebayo,29,74,"34,3","0,541","0,789","20,2","0,0","9,4","3,4","1,2","0,9","2,5","8,0","14,6","4,4","5,6"
Tari Eason,129,79,"23,9","0,451","0,753","10,4","0,8","6,8","1,3","1,2","0,7","1,4","4,2","9,2","1,6","2,1"
Donte DiVincenzo,164,66,"24,8","0,423","0,816","9,3","2,0","4,4","3,0","1,2","0,2","1,6","3,3","7,7","1,0","1,3"
Ausar Thompson,167,73,"27,1","0,449","0,703","11,2","0,8","5,3","3,1","1,2","0,6","1,9","4,5","9,9","2,0","2,9"
Darius Garland,37,69,"35,6","0,463","0,869","21,6","2,5","2,9","7,8","1,2","0,1","3,1","7,7","16,7","3,8","4,4"
Kyrie Irving,17,62,"36,1","0,490","0,906","26,0","3,0","4,8","5,5","1,2","0,6","2,1","9,5","19,4","4,0","4,5"
Jarred Vanderbilt,139,77,"25,5","0,563","0,670","7,9","0,3","7,9","1,9","1,2","0,5","1,2","3,3","5,9","1,2","1,8"
Cade Cunningham,43,66,"34,6","0,437","0,843","21,3","1,9","6,2","6,4","1,2","0,6","3,5","8,2","18,9","3,2","3,8"
Cameron Johnson,67,65,"30,2","0,469","0,848","16,0","2,6","4,8","2,1","1,2","0,3","1,0","5,4","11,6","2,4","2,9"
Gary Payton II,297,64,"19,7","0,563","0,683","6,8","0,7","3,5","1,3","1,2","0,3","0,8","2,8","4,7","0,5","0,8"
Terry Rozier,76,70,"33,0","0,428","0,818","19,7","2,8","4,0","4,6","1,2","0,3","1,8","7,3","17,0","2,5","3,1"
Devin Vassell,75,66,"30,9","0,440","0,806","17,7","2,6","4,2","3,6","1,2","0,5","1,4","6,6","14,9","2,1","2,6"
Josh Hart,100,74,"31,2","0,512","0,763","10,5","1,0","7,1","3,6","1,2","0,3","1,6","3,8","7,4","2,0","2,6"
James Harden,25,60,"34,8","0,432","0,869","19,9","2,5","6,0","10,0","1,2","0,5","3,4","5,9","13,7","5,5","6,3"
Desmond Bane,31,72,"32,9","0,472","0,889","22,2","3,2","5,1","4,1","1,2","0,4","2,2","8,0","16,9","3,0","3,4"
Jose Alvarado,213,67,"20,4","0,415","0,787","8,9","1,3","2,4","3,1","1,2","0,2","1,2","3,3","8,0","1,1","1,4"
Mikal Bridges,23,80,"35,6","0,484","0,880","23,6","2,3","4,7","3,2","1,1","0,7","1,6","8,3","17,2","4,6","5,3"
Ja Morant,75,51,"33,0","0,474","0,753","26,6","1,6","5,9","7,6","1,1","0,3","3,4","9,6","20,1","6,2","8,2"
Mike Conley,111,66,"29,6","0,437","0,830","12,6","2,1","2,8","5,6","1,1","0,2","1,5","4,2","9,6","2,1","2,5"
Amen Thompson,164,68,"26,9","0,459","0,718","10,6","0,7","4,2","3,7","1,1","0,5","2,1","4,1","8,8","2,2","3,1"
Anthony Davis,14,57,"34,0","0,543","0,769","24,6","0,3","11,3","2,7","1,1","2,0","2,1","9,3","17,2","5,6","7,4"
Andrew Wiggins,99,69,"33,1","0,471","0,646","17,1","2,3","4,9","2,2","1,1","0,7","1,4","6,5","13,9","1,6","2,5"
Draymond Green,104,62,"30,4","0,512","0,711","8,0","0,5","6,9","6,4","1,1","0,8","2,8","3,2","6,3","1,1","1,5"
Bruce Brown,119,74,"27,5","0,488","0,766","11,8","1,1","4,7","3,0","1,1","0,7","1,4","4,6","9,4","1,5","2,0"
Jaylen Brown,42,70,"35,7","0,488","0,761","25,3","2,5","6,2","3,6","1,1","0,4","2,8","9,6","19,5","3,8","5,0"
Zion Williamson,48,53,"33,7","0,605","0,713","27,2","0,3","7,6","4,5","1,1","0,6","3,2","10,4","17,1","6,3","8,8"
Scottie Barnes,54,77,"34,3","0,468","0,767","17,8","1,0","6,7","5,5","1,1","0,8","2,2","7,0","14,9","3,3","4,2"
Josh Richardson,159,67,"27,7","0,429","0,856","10,9","1,8","3,0","2,5","1,1","0,4","1,3","3,9","9,0","1,3","1,5"
John Konchar,242,72,"21,4","0,466","0,715","6,3","1,0","5,1","1,8","1,1","0,4","0,6","2,4","5,0","0,7","0,9"
Jayson Tatum,5,75,"36,7","0,468","0,856","29,8","3,2","8,0","5,1","1,1","0,7","2,9","9,9","21,3","6,9","8,1"
Trae Young,19,75,"35,0","0,436","0,889","26,6","2,3","3,2","9,8","1,1","0,1","4,0","8,5","19,5","7,5","8,5"
Jamal Murray,47,69,"34,2","0,459","0,843","20,9","2,7","4,1","6,2","1,1","0,3","2,3","7,6","16,5","2,8","3,4"
Scoot Henderson,109,74,"30,9","0,436","0,777","15,6","1,2","4,7","5,8","1,1","0,4","3,1","6,0","13,7","2,5","3,2"
Jaren Jackson Jr.,22,70,"30,8","0,477","0,802","19,6","1,8","7,1","1,1","1,1","2,7","1,8","6,7","14,0","4,1","5,2"
Kelly Oubre Jr.,171,67,"28,5","0,442","0,750","15,9","1,9","4,0","1,0","1,1","0,4","1,0","5,5","12,5","2,5","3,3"
Khris Middleton,80,64,"31,6","0,451","0,894","18,7","2,4","5,1","5,1","1,0","0,2","2,6","6,3","14,1","3,3","3,7"
Joel Embiid,3,67,"34,8","0,528","0,842","32,1","1,1","10,7","4,2","1,0","1,6","3,3","10,5","19,9","9,9","11,8"
Caleb Martin,151,71,"28,5","0,468","0,787","10,2","1,2","5,0","1,6","1,0","0,5","1,1","3,8","8,1","1,3","1,7"
Trey Murphy III,112,67,"29,0","0,476","0,899","14,5","2,5","3,7","1,6","1,0","0,5","0,9","4,9","10,4","2,3","2,5"
T.J. McConnell,195,66,"19,3","0,520","0,807","7,6","0,3","3,0","4,8","1,0","0,2","1,6","3,4","6,6","0,6","0,8"
Giannis Antetokounmpo,14,66,"33,3","0,561","0,680","30,1","0,9","11,8","5,8","1,0","1,1","3,6","10,7","19,1","8,0","11,8"
Devin Booker,16,68,"35,0","0,487","0,867","26,1","2,2","4,8","6,3","1,0","0,3","2,6","9,2","18,9","5,4","6,2"
DeMar DeRozan,37,75,"35,9","0,497","0,872","24,6","0,7","4,7","5,1","1,0","0,4","2,2","8,9","17,9","6,3","7,2"
Franz Wagner,68,78,"33,5","0,486","0,851","19,3","1,8","4,3","3,8","1,0","0,3","2,1","7,0","14,4","3,6","4,2"
Kyle Anderson,124,70,"25,9","0,490","0,711","8,7","0,6","5,2","3,8","1,0","0,7","1,2","3,4","7,0","1,2","1,7"
Stephen Curry,8,63,"34,7","0,477","0,914","28,1","4,8","5,5","5,6","1,0","0,3","3,1","9,4","19,6","4,5","4,9"
Pascal Siakam,35,71,"36,5","0,479","0,769","23,7","1,3","7,8","5,6","1,0","0,5","2,4","8,8","18,3","4,9","6,4"
Buddy Hield,93,77,"29,1","0,443","0,842","15,5","3,2","4,6","2,8","1,0","0,3","1,7","5,7","12,8","1,3","1,6"
Kevin Huerter,112,75,"31,3","0,466","0,760","14,5","2,6","3,5","3,0","1,0","0,3","1,3","5,3","11,4","1,2","1,5"
Robert Covington,212,42,"21,7","0,439","0,792","6,7","1,3","4,1","1,2","1,0","0,8","0,8","2,4","5,6","0,7","0,9"
Xavier Tillman Sr.,252,68,"16,9","0,548","0,593","6,2","0,1","4,2","1,4","1,0","0,4","0,7","2,6","4,7","0,9","1,5"
Josh Okogie,334,72,"23,4","0,401","0,736","8,2","1,0","4,3","1,6","1,0","0,6","1,1","2,7","6,7","2,3","3,2"
LeBron James,25,57,"35,1","0,505","0,757","27,6","2,4","8,0","6,5","1,0","0,6","3,1","10,5","20,8","4,4","5,8"
Alperen Sengun,58,75,"30,4","0,540","0,716","15,4","0,4","9,5","4,0","1,0","1,0","2,7","6,2","11,4","3,0","4,2"
CJ McCollum,78,73,"34,6","0,447","0,743","20,5","2,8","4,2","5,3","1,0","0,4","2,2","7,8","17,5","2,2","2,9"
Caris LeVert,164,70,"29,2","0,435","0,746","13,1","1,6","3,7","3,9","1,0","0,3","1,7","4,8","11,1","1,9","2,6"
Gabe Vincent,206,71,"25,9","0,411","0,849","9,8","1,8","2,3","2,9","1,0","0,1","1,5","3,5","8,5","1,0","1,2"
Andrew Nembhard,273,74,"26,8","0,444","0,803","9,8","1,2","2,7","4,4","1,0","0,2","1,7","4,0","8,8","0,7","0,9"
Jalen Brunson,35,71,"35,2","0,493","0,830","23,9","2,1","3,8","6,3","1,0","0,1","2,1","8,8","17,8","4,5","5,4"
Bradley Beal,63,62,"33,5","0,481","0,846","21,5","1,7","4,0","4,9","1,0","0,5","2,9","7,9","16,4","3,8","4,5"
Paolo Banchero,71,74,"34,4","0,440","0,747","22,4","1,4","7,7","4,2","1,0","0,7","2,8","7,5","17,2","5,8","7,8"
Luguentz Dort,167,71,"29,2","0,398","0,788","13,6","1,9","3,9","1,9","1,0","0,3","1,3","4,8","12,0","2,7","3,4"
Dillon Brooks,176,72,"28,6","0,413","0,798","14,9","1,8","3,4","2,4","1,0","0,2","1,5","5,7","13,7","1,9","2,3"
Kevin Porter Jr.,233,40,"24,4","0,435","0,759","13,0","1,9","3,7","4,4","1,0","0,2","2,3","4,5","10,4","2,2","2,9"
D'Angelo Russell,85,69,"31,4","0,447","0,824","17,1","2,6","3,0","6,2","1,0","0,4","2,5","6,0","13,5","2,6","3,2"
Russell Westbrook,115,72,"30,2","0,446","0,665","15,8","1,1","5,9","7,3","1,0","0,4","3,5","5,9","13,4","2,8","4,2"
Cody Martin,257,62,"23,6","0,446","0,652","6,7","0,7","3,6","2,0","1,0","0,3","0,7","2,5","5,6","0,9","1,3"
Ricky Rubio,324,38,"19,0","0,361","0,847","7,3","1,0","2,6","4,3","1,0","0,2","1,5","2,5","6,9","1,4","1,7"
Mitchell Robinson,101,68,"26,7","0,693","0,483","8,0","0,0","9,3","0,8","0,9","1,8","0,8","3,5","5,0","1,1","2,3"
Immanuel Quickley,119,77,"26,8","0,443","0,849","15,1","2,1","3,9","3,5","0,9","0,1","1,3","5,3","11,8","2,7","3,2"
Patrick Williams,135,74,"29,2","0,473","0,820","11,0","1,4","4,3","1,3","0,9","0,8","1,3","4,2","8,8","1,3","1,6"
Patrick Beverley,207,64,"23,9","0,406","0,724","6,6","1,2","3,6","3,2","0,9","0,7","0,9","2,3","5,6","0,8","1,1"
Dennis Smith Jr.,229,52,"17,1","0,412","0,702","5,7","0,3","2,1","3,3","0,9","0,3","1,2","2,2","5,3","1,0","1,4"
Killian Hayes,260,68,"19,9","0,378","0,812","6,5","0,7","2,5","4,2","0,9","0,3","1,6","2,5","6,8","0,8","1,0"
Cam Reddish,260,52,"21,0","0,423","0,862","9,2","1,1","2,3","1,2","0,9","0,3","1,1","3,3","7,6","1,6","1,9"
Jaden Ivey,125,75,"32,4","0,427","0,758","17,4","1,8","4,2","5,5","0,9","0,2","3,4","6,0","14,1","3,9","5,1"
Jaden McDaniels,115,75,"30,1","0,497","0,749","11,6","1,4","4,1","1,7","0,9","1,0","1,3","4,5","9,1","1,2","1,6"
Domantas Sabonis,13,74,"34,7","0,595","0,741","19,1","0,5","12,0","7,0","0,9","0,5","3,0","7,2","12,2","4,1","5,5"
Jordan Poole,57,78,"34,4","0,435","0,880","25,2","3,3","3,4","5,0","0,9","0,3","3,3","8,4","19,3","5,1","5,8"
Josh Giddey,64,74,"32,8","0,479","0,730","17,3","1,1","8,0","6,6","0,9","0,4","2,9","7,4","15,5","1,5","2,1"
P.J. Washington,103,69,"30,4","0,448","0,730","13,4","1,8","5,0","2,3","0,9","1,0","1,4","5,2","11,6","1,4","1,9"
Jeremy Sochan,150,65,"29,5","0,451","0,713","11,8","0,7","5,5","3,4","0,9","0,5","2,0","4,8","10,5","1,6","2,3"
Royce O'Neale,176,76,"29,7","0,417","0,753","8,6","1,9","5,1","3,3","0,9","0,6","1,4","3,1","7,4","0,7","1,0"
Jae Crowder,179,63,"24,1","0,427","0,783","7,7","1,5","4,0","1,5","0,9","0,4","0,6","2,7","6,3","0,8","1,0"
Jalen McDaniels,220,73,"20,2","0,464","0,810","8,6","0,9","4,0","1,5","0,9","0,5","1,1","3,2","6,9","1,3","1,6"
Jaden Springer,239,58,"12,1","0,500","0,752","5,8","0,3","2,1","1,1","0,9","0,7","0,5","2,4","4,7","0,8","1,1"
Gary Harris,242,61,"24,8","0,437","0,860","9,5","1,8","2,2","1,5","0,9","0,2","0,8","3,5","8,0","1,1","1,3"
Damian Lillard,12,68,"34,9","0,456","0,902","28,5","3,8","4,1","7,0","0,9","0,3","3,0","8,5","18,8","7,6","8,5"
Kevin Durant,14,59,"35,5","0,531","0,902","25,6","1,9","6,9","4,8","0,9","1,2","3,0","8,8","16,6","5,7","6,4"
Keegan Murray,98,79,"32,3","0,463","0,776","14,9","2,9","5,4","1,4","0,9","0,6","0,9","5,3","11,4","1,3","1,7"
Deni Avdija,144,76,"27,7","0,433","0,737","10,0","1,1","6,7","2,9","0,9","0,5","1,6","3,6","8,5","1,7","2,3"
Kyle Lowry,153,59,"26,4","0,420","0,858","9,8","1,7","3,6","4,9","0,9","0,3","1,7","3,2","7,5","1,9","2,2"
Larry Nance Jr.,207,66,"21,3","0,580","0,689","6,4","0,3","5,1","1,6","0,9","0,5","0,7","2,7","4,6","0,8","1,1"
Jevon Carter,252,73,"27,5","0,423","0,825","9,4","2,0","2,8","3,0","0,9","0,4","1,2","3,4","8,0","0,5","0,6"
Kris Dunn,264,62,"17,5","0,483","0,818","8,6","0,4","3,1","4,1","0,9","0,3","1,3","3,6","7,6","1,5","1,8"
Mark Williams,86,70,"27,2","0,625","0,691","12,6","0,0","9,5","0,7","0,9","1,3","1,3","5,3","8,6","2,1","3,0"
Evan Mobley,44,78,"34,5","0,540","0,683","16,6","0,3","9,3","2,9","0,9","1,6","1,9","6,7","12,5","2,7","4,0"
Jakob Poeltl,69,73,"28,4","0,622","0,565","13,0","0,0","10,0","2,6","0,9","1,5","1,5","5,8","9,2","1,6","2,8"
Jusuf Nurkic,107,58,"27,5","0,526","0,676","13,4","0,5","9,5","2,8","0,9","0,8","2,2","5,1","9,7","2,6","3,8"
Saddiq Bey,139,78,"29,2","0,428","0,848","13,7","2,2","4,7","1,8","0,9","0,2","0,9","4,8","11,2","2,0","2,4"
Bogdan Bogdanovic,143,59,"26,9","0,445","0,831","13,9","2,6","3,2","2,8","0,9","0,3","1,1","5,1","11,4","1,3","1,5"
Dennis Schroder,145,70,"31,2","0,428","0,844","13,7","1,4","3,1","4,8","0,9","0,2","2,1","4,7","10,9","2,8","3,3"
Anthony Black,203,74,"23,0","0,440","0,711","9,0","0,9","3,1","3,1","0,9","0,3","2,1","3,4","7,8","1,6","2,3"
Dyson Daniels,301,67,"19,5","0,419","0,662","4,6","0,5","3,4","2,6","0,9","0,2","1,1","1,7","4,0","0,6","0,8"
Jerami Grant,78,66,"34,3","0,460","0,821","20,2","2,1","4,5","2,5","0,8","0,9","1,9","6,8","14,7","4,5","5,5"
Brandon Miller,138,74,"29,9","0,427","0,827","14,2","2,0","5,7","1,9","0,8","0,5","1,7","4,9","11,7","2,6","3,1"
Norman Powell,142,64,"27,6","0,472","0,824","16,9","2,0","2,9","1,9","0,8","0,3","1,5","5,6","12,0","3,8","4,6"
Nicolas Claxton,50,75,"29,6","0,683","0,560","11,6","0,0","9,1","1,8","0,8","2,3","1,3","5,0","7,3","1,6","2,8"
Paul Reed,231,70,"18,7","0,571","0,717","6,6","0,0","5,2","0,9","0,8","1,0","1,0","3,0","5,3","0,9","1,2"
Dorian Finney-Smith,206,71,"27,5","0,422","0,748","8,3","1,7","4,4","2,3","0,8","0,5","0,9","3,0","7,2","0,7","0,9"
Kenrich Williams,227,57,"21,8","0,499","0,512","7,7","0,9","4,6","2,0","0,8","0,2","0,7","3,3","6,5","0,4","0,8"
Zach LaVine,48,74,"35,6","0,482","0,848","24,8","2,7","4,5","4,4","0,8","0,3","2,6","8,7","18,1","4,7","5,6"
Tyrese Maxey,57,70,"34,7","0,481","0,850","22,0","2,8","3,2","4,3","0,8","0,2","1,4","7,9","16,3","3,5","4,2"
Tobias Harris,83,73,"32,7","0,488","0,858","15,7","1,6","6,1","2,9","0,8","0,6","1,4","6,0","12,4","2,0","2,4"
Jalen Green,101,74,"34,5","0,427","0,798","22,8","2,7","3,9","3,4","0,8","0,3","2,4","7,8","18,3","4,8","6,0"
Spencer Dinwiddie,94,74,"34,9","0,428","0,805","17,0","2,1","3,9","7,4","0,8","0,3","2,0","5,7","13,4","3,5","4,3"
Josh Green,274,67,"27,7","0,503","0,731","9,6","1,2","3,4","2,0","0,8","0,2","1,4","3,6","7,0","1,3","1,7"
Kristaps Porzingis,37,63,"31,5","0,478","0,849","20,5","2,0","8,1","2,3","0,8","1,5","1,8","6,9","14,4","4,7","5,6"
Steven Adams,151,62,"26,3","0,574","0,463","7,5","0,0","9,7","2,4","0,8","0,9","1,5","3,0","5,3","1,3","2,8"
Grayson Allen,182,71,"25,8","0,439","0,883","10,3","2,1","3,2","2,0","0,8","0,2","0,9","3,4","7,7","1,4","1,6"
Grant Williams,222,75,"29,4","0,461","0,786","9,6","1,7","5,0","1,8","0,8","0,6","1,1","3,3","7,3","1,4","1,7"
Andre Drummond,231,69,"14,9","0,579","0,538","6,5","0,0","7,1","0,9","0,8","0,6","1,3","2,8","4,8","1,1","1,9"
Jordan Goodwin,250,72,"15,8","0,444","0,768","5,8","0,6","3,0","2,4","0,8","0,4","0,8","2,3","5,1","0,8","1,0"
Thaddeus Young,305,37,"12,9","0,522","0,613","4,6","0,2","3,1","1,5","0,8","0,4","1,0","2,0","3,7","0,4","0,6"
Nikola Vucevic,41,76,"33,1","0,500","0,806","17,7","1,5","11,0","3,2","0,8","0,8","1,8","7,3","14,7","1,5","1,9"
Collin Sexton,134,62,"30,9","0,481","0,820","17,4","1,3","2,9","3,7","0,8","0,1","2,3","6,0","12,5","3,9","4,7"
Christian Braun,276,75,"23,8","0,488","0,670","7,1","0,8","3,3","1,1","0,8","0,3","0,8","2,8","5,5","0,9","1,3"
Jordan McLaughlin,312,45,"14,5","0,415","0,787","3,8","0,5","1,7","3,0","0,8","0,1","0,7","1,4","3,2","0,4","0,5"
Kelly Olynyk,164,67,"23,1","0,483","0,831","10,4","1,1","5,0","2,9","0,8","0,4","1,9","3,5","7,4","2,2","2,7"
Karl-Anthony Towns,28,64,"33,2","0,505","0,851","21,1","2,1","8,8","4,5","0,8","0,8","2,9","7,5","14,9","4,4","5,2"
Jarrett Allen,53,62,"32,3","0,650","0,721","14,3","0,0","10,2","1,7","0,8","1,4","1,4","5,9","9,2","2,5","3,5"
Keldon Johnson,121,70,"33,0","0,463","0,750","19,6","2,1","5,5","2,7","0,8","0,2","1,7","7,2","15,6","3,1","4,1"
Quentin Grimes,190,71,"28,1","0,460","0,790","10,9","2,2","3,3","2,0","0,8","0,4","1,0","3,8","8,4","1,0","1,3"
Talen Horton-Tucker,195,64,"21,5","0,430","0,762","10,4","0,8","3,2","3,4","0,8","0,4","1,8","4,0","9,3","1,9","2,5"
Malik Beasley,199,76,"26,6","0,409","0,793","12,5","2,8","3,4","1,6","0,8","0,2","1,0","4,5","11,0","0,7","0,9"
Nicolas Batum,207,64,"23,6","0,443","0,741","6,8","1,6","3,9","1,6","0,8","0,6","0,6","2,3","5,3","0,5","0,7"
Otto Porter Jr.,280,36,"16,9","0,465","0,837","5,5","0,8","3,3","1,0","0,8","0,2","0,4","1,9","4,1","0,6","0,7"
Bilal Coulibaly,313,55,"18,3","0,360","0,598","7,3","0,7","2,8","1,4","0,8","0,2","1,0","3,3","7,7","2,0","2,8"
Onyeka Okongwu,94,76,"24,5","0,645","0,769","10,6","0,1","7,5","1,1","0,7","1,4","1,1","4,3","6,6","2,1","2,7"
Derrick White,97,76,"29,3","0,451","0,872","12,5","1,8","3,4","4,5","0,7","0,9","1,4","4,3","9,5","2,1","2,4"
Rudy Gobert,63,71,"30,1","0,673","0,658","12,8","0,0","11,6","1,1","0,7","1,6","1,7","4,9","7,3","3,3","5,1"
Tyler Herro,77,69,"34,4","0,440","0,897","20,5","2,9","5,2","4,1","0,7","0,2","2,5","7,5","17,0","2,8","3,1"
Gordon Hayward,177,57,"27,5","0,468","0,817","13,1","1,1","3,8","3,4","0,7","0,2","1,7","4,7","10,1","2,3","2,8"
Jordan Clarkson,112,69,"32,1","0,434","0,826","20,0","2,6","4,1","4,0","0,7","0,2","2,7","7,3","16,8","2,9","3,6"
Bennedict Mathurin,130,76,"30,2","0,442","0,828","18,2","1,4","4,5","1,8","0,7","0,2","2,1","5,9","13,5","5,1","6,1"
Anfernee Simons,77,66,"34,3","0,445","0,889","21,7","3,5","2,8","4,4","0,7","0,2","2,2","7,8","17,6","2,8","3,1"
Jalen Duren,100,71,"27,4","0,640","0,630","10,1","0,0","9,7","1,3","0,7","1,0","1,6","4,2","6,6","1,6","2,7"
Aaron Gordon,123,71,"30,9","0,533","0,658","15,7","1,0","6,2","2,9","0,7","0,7","1,5","6,0","11,2","2,7","4,1"
Pat Connaughton,204,66,"24,8","0,421","0,732","8,5","2,0","4,4","1,3","0,7","0,2","0,6","3,1","7,2","0,6","0,8"
Nerlens Noel,317,37,"14,8","0,497","0,701","2,9","0,0","4,1","0,6","0,7","0,8","0,7","1,2","2,3","0,5","0,8"
Lauri Markkanen,25,67,"34,3","0,486","0,871","25,5","3,1","8,5","1,9","0,7","0,6","1,8","8,6","17,7","5,4","6,2"
Brandon Ingram,56,60,"34,4","0,474","0,861","24,4","1,7","5,4","5,5","0,7","0,4","3,0","8,8","18,6","5,1","6,0"
Robert Williams III,94,59,"24,2","0,728","0,632","8,3","0,0","7,5","1,7","0,7","1,5","0,9","3,7","5,1","0,8","1,2"
Malcolm Brogdon,118,57,"26,7","0,469","0,868","14,8","1,8","4,0","4,1","0,7","0,3","1,5","5,2","11,0","2,5","2,9"
Harrison Barnes,138,78,"32,2","0,472","0,827","14,8","1,7","4,7","1,8","0,7","0,2","1,1","4,6","9,7","4,0","4,8"
Ayo Dosunmu,208,70,"25,5","0,495","0,770","8,3","0,8","2,7","2,6","0,7","0,3","1,2","3,4","6,8","0,8","1,1"
Cameron Payne,226,66,"21,0","0,419","0,810","11,0","1,5","2,6","4,7","0,7","0,2","1,8","4,3","10,1","1,2","1,5"
Troy Brown Jr.,268,67,"20,0","0,424","0,811","6,1","1,2","3,8","1,2","0,7","0,2","0,6","2,3","5,4","0,4","0,5"
Keyonte George,286,59,"24,6","0,418","0,790","11,8","1,3","2,4","2,9","0,7","0,2","1,8","4,9","11,6","1,8","2,2"
Cason Wallace,296,55,"17,2","0,438","0,767","7,1","0,8","1,7","2,6","0,7","0,3","1,2","2,9","6,6","0,9","1,1"
Danny Green,300,30,"14,4","0,400","0,800","4,2","1,2","1,7","0,7","0,7","0,4","0,5","1,4","3,6","0,1","0,2"
MarJon Beauchamp,303,72,"23,4","0,425","0,739","8,7","1,5","3,8","1,1","0,7","0,2","1,5","3,1","7,3","0,9","1,2"
Ish Wainright,322,45,"14,3","0,378","0,755","4,1","0,9","2,2","0,8","0,7","0,3","0,4","1,4","3,8","0,4","0,5"
Max Christie,336,70,"23,2","0,441","0,871","7,4","1,4","3,9","1,1","0,7","0,4","1,0","2,6","6,0","0,7","0,9"
Jalen Johnson,226,70,"18,9","0,492","0,655","7,6","0,6","5,1","1,6","0,7","0,6","0,9","3,0","6,1","0,9","1,4"
Julius Randle,58,75,"35,6","0,453","0,759","23,9","2,5","9,9","4,4","0,7","0,3","3,0","8,2","18,1","5,0","6,6"
Clint Capela,77,68,"26,4","0,636","0,571","11,5","0,0","11,0","0,9","0,7","1,3","0,7","5,2","8,1","1,2","2,1"
Michael Porter Jr.,89,66,"30,7","0,482","0,789","17,6","3,0","6,0","1,2","0,7","0,5","1,2","6,5","13,6","1,5","2,0"
Bones Hyland,200,56,"19,0","0,401","0,839","10,6","1,9","2,5","2,8","0,7","0,3","1,2","3,5","8,7","1,4","1,7"
Isaac Okoro,232,63,"22,4","0,475","0,751","6,5","0,8","2,4","1,1","0,7","0,3","0,6","2,3","4,8","1,1","1,5"
Jae'Sean Tate,239,58,"18,0","0,484","0,718","8,2","0,5","3,4","2,1","0,7","0,3","1,3","3,3","6,9","1,3","1,9"
Alec Burks,251,62,"19,0","0,425","0,803","10,1","1,6","3,1","2,0","0,7","0,2","1,0","3,1","7,4","2,2","2,7"
Keita Bates-Diop,242,69,"21,4","0,489","0,789","8,2","0,8","3,7","1,3","0,7","0,3","0,8","3,1","6,1","1,5","1,9"
Saben Lee,318,22,"12,9","0,404","0,750","4,8","0,4","2,0","2,5","0,7","0,2","0,8","1,6","4,0","1,4","1,8"
Victor Wembanyama,35,68,"30,9","0,462","0,779","18,4","1,1","8,9","2,2","0,7","2,5","2,2","6,8","14,9","4,0","5,2"
Deandre Ayton,58,69,"31,3","0,592","0,758","17,1","0,1","10,4","1,7","0,7","0,9","1,8","7,4","12,6","2,2","2,8"
Chet Holmgren,61,66,"29,8","0,518","0,736","13,7","1,1","8,7","1,9","0,7","1,9","1,7","5,0","9,8","2,5","3,5"
Miles Bridges,128,57,"26,5","0,481","0,793","15,4","1,6","5,7","2,6","0,7","0,7","1,5","6,1","12,7","2,8","3,5"
Malik Monk,156,76,"23,0","0,456","0,862","13,0","1,9","2,8","3,4","0,7","0,3","1,7","4,5","10,0","1,9","2,3"
Shaedon Sharpe,139,78,"30,8","0,472","0,733","15,1","1,9","3,9","1,7","0,7","0,4","1,5","5,5","11,7","1,5","2,0"
Coby White,160,73,"27,1","0,438","0,866","11,7","2,0","3,2","3,3","0,7","0,1","1,2","4,3","9,9","1,1","1,3"
Tim Hardaway Jr.,188,71,"27,0","0,408","0,787","13,4","2,6","3,3","1,7","0,7","0,1","0,8","4,6","11,3","1,7","2,2"
Jonathan Kuminga,196,72,"23,1","0,512","0,672","11,0","0,9","4,0","1,9","0,7","0,5","1,4","4,3","8,3","1,8","2,7"
Isaiah Joe,246,72,"20,0","0,427","0,830","8,4","1,5","2,6","1,3","0,7","0,1","0,7","2,9","6,7","1,2","1,5"
Nickeil Alexander-Walker,262,65,"19,3","0,402","0,694","7,9","1,3","2,2","2,0","0,7","0,4","1,1","2,9","7,2","0,9","1,2"
Chuma Okeke,286,51,"17,0","0,378","0,773","4,8","0,9","3,3","1,2","0,7","0,4","0,6","1,7","4,6","0,6","0,7"
Myles Turner,40,64,"29,9","0,531","0,779","16,6","1,5","7,3","1,3","0,6","2,5","1,5","5,9","11,2","3,1","4,0"
Zach Collins,118,68,"24,4","0,506","0,774","11,9","1,0","6,7","3,0","0,6","0,9","2,1","4,6","9,1","1,9","2,4"
Kevon Looney,133,80,"25,6","0,608","0,617","7,4","0,0","9,3","2,4","0,6","0,6","0,6","3,1","5,2","1,2","1,9"
Gradey Dick,257,68,"19,6","0,435","0,828","9,0","1,6","2,6","1,2","0,6","0,2","0,8","3,2","7,5","1,3","1,6"
Naji Marshall,268,64,"18,8","0,425","0,798","7,6","0,7","2,8","1,9","0,6","0,2","1,0","3,0","6,9","1,7","2,1"
AJ Griffin,286,72,"21,8","0,464","0,863","9,9","1,6","2,4","1,2","0,6","0,2","0,7","3,7","7,9","0,7","0,9"
De'Andre Hunter,176,68,"31,7","0,455","0,819","15,3","1,5","4,2","1,4","0,6","0,3","1,3","5,7","12,5","2,6","3,2"
Reggie Jackson,222,69,"22,9","0,407","0,837","10,3","1,5","2,2","3,3","0,6","0,1","1,5","3,9","9,7","1,0","1,2"
Kyle Kuzma,87,67,"34,9","0,450","0,729","22,0","2,6","7,7","3,8","0,6","0,6","3,0","8,3","18,4","3,0","4,2"
Seth Curry,215,63,"21,5","0,467","0,899","10,3","1,9","1,9","1,9","0,6","0,1","0,9","3,7","7,9","1,0","1,1"
Klay Thompson,83,68,"32,1","0,438","0,881","21,1","4,0","3,9","2,3","0,6","0,4","1,6","7,8","17,8","1,7","1,9"
Obi Toppin,145,71,"25,6","0,479","0,791","13,4","1,6","5,2","1,8","0,6","0,5","1,1","5,3","11,1","1,6","2,0"
Austin Reaves,92,71,"32,9","0,511","0,868","16,7","1,8","3,3","4,1","0,6","0,4","1,7","5,2","10,3","4,4","5,1"
Jabari Smith Jr.,94,79,"33,1","0,426","0,805","14,2","1,7","7,7","1,4","0,6","1,1","1,4","5,1","12,0","2,2","2,8"
Wendell Carter Jr.,99,63,"30,0","0,522","0,723","15,2","1,3","9,2","2,3","0,6","0,7","1,8","5,7","11,0","2,5","3,5"
Cole Anthony,147,66,"26,0","0,434","0,875","13,1","1,4","4,6","4,1","0,6","0,4","1,8","4,6","10,7","2,7","3,1"
Naz Reid,170,71,"19,8","0,517","0,703","11,3","1,0","4,8","1,1","0,6","1,0","1,3","4,4","8,5","1,5","2,1"
Isaiah Hartenstein,216,74,"19,1","0,570","0,675","5,8","0,1","5,9","1,5","0,6","0,9","0,9","2,6","4,5","0,8","1,2"
Chris Duarte,224,61,"20,1","0,414","0,824","8,8","1,3","2,7","1,5","0,6","0,2","1,0","3,2","7,7","1,3","1,6"
Joe Ingles,242,57,"21,0","0,435","0,813","6,7","1,6","2,5","3,1","0,6","0,1","1,1","2,3","5,3","0,4","0,5"
Reggie Bullock,286,61,"25,2","0,414","0,829","7,6","1,9","3,3","1,2","0,6","0,2","0,5","2,6","6,3","0,5","0,6"
P.J. Tucker,291,72,"25,8","0,444","0,763","4,6","0,9","4,4","1,2","0,6","0,2","0,7","1,7","3,7","0,4","0,5"
Dean Wade,303,58,"18,1","0,436","0,654","4,6","0,9","2,9","0,9","0,6","0,3","0,3","1,7","3,9","0,3","0,5"
Devonte' Graham,314,37,"18,1","0,370","0,796","7,5","1,6","1,8","2,8","0,6","0,2","0,8","2,3","6,2","1,1","1,4"
Haywood Highsmith,329,69,"18,4","0,416","0,463","4,6","0,8","3,5","0,8","0,6","0,3","0,8","1,8","4,3","0,3","0,5"
Jaylin Williams,348,70,"18,7","0,437","0,696","6,0","1,0","5,0","1,6","0,6","0,3","0,8","2,1","4,8","0,8","1,1"
Jaime Jaquez Jr.,350,70,"18,4","0,458","0,763","7,3","0,4","2,5","1,5","0,6","0,2","0,8","2,7","6,0","1,5","1,9"
Dalen Terry,355,48,"10,5","0,445","0,663","4,2","0,4","1,8","1,1","0,6","0,3","0,4","1,6","3,6","0,7","1,0"
John Collins,88,71,"31,0","0,518","0,793","15,3","1,2","7,3","1,5","0,6","1,0","1,2","6,0","11,5","2,4","3,0"
Luke Kennard,199,65,"24,2","0,466","0,892","9,9","2,4","2,8","1,7","0,6","0,1","0,8","3,3","7,1","0,6","0,7"
Aleksej Pokusevski,225,45,"21,2","0,423","0,683","7,9","1,1","5,5","1,9","0,6","0,9","1,3","3,1","7,2","0,6","0,9"
Davion Mitchell,255,78,"19,8","0,435","0,733","6,8","0,9","1,6","2,7","0,6","0,2","1,0","2,7","6,2","0,4","0,5"
Torrey Craig,256,73,"19,8","0,457","0,721","6,4","1,0","4,3","1,2","0,6","0,6","0,9","2,4","5,3","0,4","0,6"
Nikola Jovic,311,64,"17,6","0,425","0,911","7,5","0,9","2,5","0,8","0,6","0,2","0,8","2,5","6,0","1,6","1,7"
Oshae Brissett,353,63,"19,0","0,395","0,719","7,0","0,9","3,8","0,8","0,6","0,2","0,6","2,2","5,5","1,7","2,4"
Daniel Gafford,95,76,"27,2","0,701","0,690","12,8","0,0","7,6","1,5","0,6","1,6","1,3","5,4","7,7","2,3","3,4"
Mason Plumlee,176,76,"22,6","0,670","0,618","7,8","0,0","7,4","2,4","0,6","0,6","1,3","3,0","4,5","1,7","2,9"
Terance Mann,202,80,"24,8","0,502","0,773","9,4","1,0","3,9","2,4","0,6","0,3","1,0","3,6","7,1","1,3","1,6"
Isaiah Jackson,208,66,"16,0","0,563","0,669","7,3","0,1","4,3","0,7","0,6","1,4","0,9","2,9","5,2","1,6","2,4"
Chris Boucher,208,69,"18,8","0,490","0,779","9,2","0,8","5,5","0,5","0,6","0,9","0,6","3,5","7,2","1,8","2,3"
Santi Aldama,234,76,"21,0","0,463","0,737","8,8","1,1","4,7","1,2","0,6","0,6","0,8","3,2","6,9","1,4","1,9"
Taurean Prince,274,66,"18,1","0,459","0,815","8,0","1,3","2,5","1,3","0,6","0,3","1,1","2,9","6,3","1,0","1,3"
Malaki Branham,275,70,"25,0","0,443","0,819","11,1","1,3","2,9","2,1","0,6","0,1","1,3","4,5","10,3","1,0","1,3"
Usman Garuba,328,26,"11,5","0,476","0,625","2,7","0,3","3,7","0,8","0,6","0,4","0,6","1,0","2,1","0,4","0,6"
Brandon Clarke,197,18,"18,7","0,618","0,705","8,8","0,1","5,0","1,1","0,6","0,7","0,7","3,5","5,6","1,3","1,9"
Aaron Nesmith,258,47,"18,5","0,425","0,838","6,9","1,1","2,6","0,9","0,6","0,3","0,7","2,2","5,3","1,1","1,3"
Dwight Powell,286,76,"19,1","0,676","0,715","6,6","0,1","4,3","0,9","0,6","0,4","0,8","2,4","3,6","1,5","2,2"
Bojan Bogdanovic,117,67,"31,6","0,473","0,869","19,3","2,4","3,8","2,2","0,5","0,1","2,0","6,5","13,9","4,0","4,6"
Bobby Portis,116,72,"27,4","0,493","0,750","14,3","1,5","9,4","1,4","0,5","0,4","1,2","5,9","11,9","1,4","1,8"
RJ Barrett,163,74,"33,0","0,430","0,740","18,8","1,8","5,1","2,7","0,5","0,2","2,1","6,7","15,7","3,9","5,2"
Malachi Flynn,300,61,"13,9","0,377","0,713","5,0","0,9","1,7","1,7","0,5","0,1","0,5","1,8","4,7","0,5","0,7"
Cam Whitmore,357,56,"16,1","0,464","0,707","7,3","0,9","2,7","0,6","0,5","0,2","1,0","2,9","6,2","0,9","1,3"
Max Strus,196,76,"26,6","0,424","0,839","11,6","2,5","3,3","2,0","0,5","0,2","0,9","4,2","9,9","1,0","1,2"
Eric Gordon,197,64,"26,2","0,453","0,808","11,1","1,9","1,8","2,3","0,5","0,3","1,4","3,8","8,4","1,7","2,1"
Derrick Rose,340,33,"15,1","0,441","0,895","8,0","0,9","2,1","2,7","0,5","0,3","1,1","3,1","7,0","0,8","1,0"
Cedi Osman,344,43,"16,6","0,432","0,696","8,2","1,4","2,2","1,6","0,5","0,1","0,8","2,8","6,4","1,0","1,4"
Monte Morris,225,69,"19,2","0,478","0,838","8,2","1,0","2,1","3,2","0,5","0,2","0,7","3,3","6,8","0,8","0,9"
Justin Holiday,291,62,"17,3","0,383","0,746","5,5","1,3","1,6","1,0","0,5","0,4","0,5","1,9","5,0","0,3","0,4"
Al Horford,121,60,"27,5","0,468","0,787","8,8","1,8","6,2","2,8","0,5","1,0","0,7","3,3","7,1","0,4","0,6"
Brook Lopez,73,72,"29,0","0,514","0,811","13,7","1,5","5,9","1,0","0,5","1,9","1,1","5,2","10,1","1,7","2,1"
Dereck Lively II,221,54,"18,2","0,468","0,487","6,3","0,0","5,4","1,2","0,5","1,1","0,8","3,9","6,2","1,0","1,5"
Marcus Morris Sr.,227,62,"24,5","0,436","0,803","10,8","1,6","3,7","1,3","0,5","0,3","0,9","4,1","9,6","1,3","1,6"
Dominick Barlow,235,60,"17,4","0,535","0,726","5,6","0,1","4,1","1,2","0,5","0,9","0,8","2,3","4,3","0,9","1,2"
Lonnie Walker IV,242,65,"20,5","0,432","0,831","11,1","1,5","2,2","1,3","0,5","0,3","0,9","4,0","9,3","1,5","1,8"
Moritz Wagner,258,62,"17,1","0,497","0,822","9,7","0,9","4,1","1,4","0,5","0,2","1,1","3,4","6,7","2,3","2,8"
Dario Saric,258,68,"16,7","0,459","0,836","7,9","0,9","4,0","1,4","0,5","0,2","1,1","2,7","6,0","1,4","1,7"
Jarace Walker,268,64,"25,0","0,460","0,683","8,9","0,6","5,3","1,2","0,5","0,8","1,2","3,5","7,9","1,4","2,1"
Isaiah Livers,277,60,"19,2","0,425","0,831","5,7","1,2","2,5","0,8","0,5","0,4","0,6","2,0","4,6","0,5","0,7"
Duncan Robinson,287,66,"21,3","0,406","0,869","9,0","2,2","2,2","1,3","0,5","0,1","0,8","2,9","7,2","0,8","1,0"
Corey Kispert,287,75,"26,8","0,497","0,868","11,5","2,2","3,0","1,3","0,5","0,2","0,8","4,1","8,2","1,3","1,5"
Jaden Hardy,291,60,"19,2","0,439","0,818","10,1","1,5","2,3","1,7","0,5","0,2","1,2","3,5","8,0","1,6","1,9"
Jake LaRavia,327,68,"16,8","0,424","0,784","4,6","1,0","2,6","0,9","0,5","0,2","0,7","1,7","3,9","0,3","0,4"
Aaron Wiggins,346,65,"14,0","0,475","0,787","5,7","0,6","2,7","1,0","0,5","0,2","0,7","2,2","4,6","0,8","1,0"
Garrison Mathews,351,39,"15,5","0,394","0,827","5,9","1,3","1,7","0,6","0,5","0,2","0,4","1,6","4,2","1,3","1,6"
Isaiah Mobley,352,11,"10,1","0,428","0,738","3,7","0,4","2,4","0,4","0,5","0,4","0,1","1,5","3,4","0,5","0,7"
Ousmane Dieng,378,64,"17,9","0,432","0,658","6,4","0,8","3,3","1,5","0,5","0,2","0,8","2,5","5,9","0,5","0,7"
Miles McBride,410,50,"10,4","0,337","0,660","2,9","0,5","0,9","1,1","0,5","0,1","0,3","1,0","3,0","0,3","0,5"
Cory Joseph,293,56,"18,6","0,440","0,829","5,9","0,9","1,7","2,8","0,5","0,2","1,0","2,0","4,5","1,0","1,1"
Christian Wood,163,66,"23,2","0,514","0,708","13,8","1,2","7,0","1,5","0,5","0,9","1,5","4,8","9,5","2,7","3,8"
Kenyon Martin Jr.,209,75,"22,3","0,555","0,679","10,6","0,8","4,7","1,4","0,5","0,5","1,0","4,4","8,0","1,6","2,4"
Nassir Little,228,58,"23,0","0,449","0,735","8,2","1,2","3,7","1,1","0,5","0,6","0,8","3,0","6,7","1,0","1,4"
Kira Lewis Jr.,344,38,"11,5","0,418","0,857","4,9","0,6","1,6","1,5","0,5","0,1","0,6","1,9","4,6","0,6","0,7"
Aaron Holiday,363,37,"11,2","0,429","0,839","3,7","0,5","1,3","1,3","0,5","0,2","0,6","1,4","3,2","0,5","0,6"
Darius Bazley,285,36,"14,2","0,450","0,600","5,1","0,5","3,0","0,8","0,5","0,6","0,6","1,9","4,2","0,7","1,2"
Marvin Bagley III,190,51,"22,9","0,518","0,700","11,5","0,5","6,7","0,8","0,5","0,5","1,0","4,9","9,4","1,8","2,5"
Taylor Hendricks,240,63,"20,5","0,467","0,758","8,0","0,7","4,5","1,5","0,5","0,6","1,0","3,2","7,0","1,6","2,0"
Precious Achiuwa,263,66,"18,4","0,479","0,661","8,2","0,6","5,2","0,8","0,5","0,5","1,0","3,3","6,9","1,2","1,9"
Joe Harris,301,63,"20,7","0,476","0,726","8,5","1,9","2,3","1,2","0,5","0,2","0,6","3,0","6,2","0,3","0,5"
Cam Thomas,236,60,"21,4","0,437","0,849","11,2","1,0","2,1","1,5","0,5","0,2","1,2","3,7","8,4","2,3","2,8"
Walker Kessler,50,75,"28,0","0,694","0,527","11,2","0,0","10,0","1,1","0,4","2,5","1,1","4,9","7,1","1,4","2,6"
Ivica Zubac,116,76,"27,3","0,634","0,712","10,7","0,0","9,4","1,1","0,4","1,2","1,4","4,3","6,8","2,2","3,1"
Ziaire Williams,289,60,"16,7","0,437","0,775","6,4","0,9","2,0","1,0","0,4","0,1","0,8","2,6","5,8","0,6","0,7"
Johnny Davis,304,62,"18,2","0,402","0,618","7,5","0,9","2,7","1,2","0,4","0,3","0,7","3,1","7,6","0,8","1,2"
Landry Shamet,327,55,"17,0","0,388","0,843","7,0","1,6","1,6","1,6","0,4","0,1","0,7","2,2","5,7","0,8","1,0"
Sam Hauser,343,76,"17,8","0,456","0,719","7,1","1,9","2,8","1,1","0,4","0,3","0,5","2,6","5,6","0,3","0,3"
Damion Lee,274,67,"19,7","0,439","0,900","7,5","1,3","2,8","1,1","0,4","0,1","0,8","2,6","6,0","1,1","1,2"
Jaxson Hayes,317,67,"14,6","0,589","0,732","5,9","0,2","3,3","0,7","0,4","0,6","0,7","2,1","3,5","1,3","1,8"
Isaiah Stewart,157,69,"26,7","0,458","0,729","10,6","1,2","8,1","1,3","0,4","0,8","1,4","3,9","8,6","1,8","2,5"
Drew Eubanks,289,70,"17,2","0,611","0,702","6,2","0,1","5,0","0,9","0,4","1,0","0,8","2,4","4,0","1,1","1,5"
Julian Champagnie,336,62,"18,2","0,453","0,824","10,3","2,0","3,6","0,7","0,4","0,3","0,7","3,9","8,6","0,9","1,1"
Maxi Kleber,231,63,"25,4","0,446","0,708","6,6","1,1","4,6","1,3","0,4","0,9","0,8","2,2","5,1","0,8","1,1"
Charles Bassey,232,60,"13,8","0,642","0,634","5,5","0,1","5,3","1,1","0,4","1,0","1,0","2,4","3,8","0,6","1,0"
Jordan Hawkins,274,61,"14,5","0,363","0,710","6,1","1,2","1,3","0,8","0,4","0,1","0,5","2,4","5,6","0,9","1,1"
Orlando Robinson,278,66,"14,7","0,533","0,713","4,1","0,0","4,1","0,8","0,4","0,5","0,6","1,9","3,6","0,9","1,2"
Olivier-Maxence Prosper,283,53,"12,5","0,376","0,623","5,3","0,5","1,9","0,6","0,4","0,2","0,5","3,0","6,8","0,7","1,0"
David Roddy,285,71,"18,4","0,416","0,631","7,0","1,0","2,6","0,9","0,4","0,3","0,8","2,8","6,4","0,6","1,0"
Trendon Watford,286,53,"15,6","0,547","0,726","6,3","0,3","3,4","1,6","0,4","0,3","0,9","2,4","4,5","1,0","1,4"
Josh Minott,297,22,"10,1","0,480","0,800","4,8","0,2","2,7","0,5","0,4","0,6","0,3","1,9","4,0","0,8","1,0"
Payton Pritchard,310,70,"16,4","0,421","0,769","7,1","1,6","2,2","2,1","0,4","0,1","0,8","2,6","6,2","0,3","0,4"
Derrick Jones Jr.,330,54,"12,1","0,517","0,762","4,1","0,3","2,2","0,4","0,4","0,5","0,4","1,5","2,9","0,8","1,1"
Kris Murray,331,61,"14,4","0,388","0,624","5,9","0,6","2,2","0,9","0,4","0,4","0,6","2,1","4,7","1,8","2,4"
Aleksandar Vezenkov,347,68,"15,9","0,430","0,782","5,6","1,2","1,6","1,0","0,4","0,1","0,6","2,0","4,6","0,4","0,6"
Ty Jerome,366,40,"10,5","0,425","0,862","4,3","0,6","1,0","1,6","0,4","0,1","0,4","1,6","3,7","0,5","0,6"
Yuta Watanabe,369,58,"15,5","0,460","0,667","5,5","1,0","2,7","0,8","0,4","0,4","0,5","1,9","4,2","0,7","1,0"
Frank Ntilikina,373,32,"12,5","0,386","0,789","3,7","0,5","1,4","1,2","0,4","0,1","0,6","1,3","3,5","0,5","0,6"
Kessler Edwards,374,40,"11,0","0,404","0,786","3,1","0,5","1,9","0,4","0,4","0,2","0,5","1,2","2,9","0,2","0,3"
Tre Mann,388,41,"10,4","0,409","0,768","4,8","0,9","1,5","0,9","0,4","0,1","0,7","1,8","4,3","0,4","0,5"
Keon Johnson,392,44,"10,4","0,362","0,739","4,3","0,6","1,2","1,3","0,4","0,2","0,8","1,5","4,3","0,7","0,9"
Dalano Banton,400,44,"8,4","0,417","0,644","3,0","0,2","1,5","1,2","0,4","0,2","0,6","1,2","2,9","0,4","0,6"
Dante Exum,406,38,"11,1","0,406","0,758","3,2","0,1","1,1","1,3","0,4","0,1","0,7","1,3","3,2","0,5","0,7"
Jeremiah Robinson-Earl,337,34,"15,5","0,431","0,767","5,4","0,8","3,9","0,8","0,4","0,2","0,4","2,0","4,7","0,7","0,8"
James Bouknight,372,44,"14,9","0,357","0,747","5,9","1,0","2,2","1,2","0,4","0,2","0,9","2,1","5,9","0,8","1,1"
Furkan Korkmaz,375,54,"13,5","0,401","0,760","5,2","0,8","1,6","1,1","0,4","0,1","0,6","1,8","4,5","0,8","1,0"
Jonas Valanciunas,98,74,"26,1","0,552","0,809","13,9","0,5","10,0","1,8","0,4","0,7","1,8","5,6","10,2","2,2","2,7"
Rui Hachimura,224,67,"25,7","0,486","0,750","11,8","0,9","4,8","1,0","0,4","0,4","0,9","4,7","9,6","1,5","2,0"
Shake Milton,272,72,"21,2","0,477","0,859","8,6","0,9","2,4","3,1","0,4","0,2","1,2","3,3","6,8","1,2","1,4"
Moses Moody,264,69,"18,4","0,467","0,744","6,6","1,0","2,1","0,8","0,4","0,2","0,6","2,2","4,8","0,7","1,0"
Richaun Holmes,200,67,"19,2","0,630","0,777","8,9","0,1","6,1","1,0","0,4","0,9","1,0","4,0","6,3","1,5","1,9"
Georges Niang,274,75,"19,3","0,440","0,865","8,1","1,9","2,4","1,0","0,4","0,2","0,7","2,8","6,4","0,5","0,6"
Christian Koloko,301,54,"12,6","0,550","0,594","3,1","0,0","2,7","0,5","0,4","0,9","0,4","1,3","2,8","0,7","1,1"
Ochai Agbaji,304,64,"23,0","0,435","0,806","9,0","1,6","2,3","1,3","0,4","0,4","0,8","3,2","7,2","1,2","1,4"
Zeke Nnaji,313,66,"15,3","0,526","0,640","5,8","0,6","3,1","0,4","0,4","0,4","0,6","2,4","4,4","0,9","1,5"
Jett Howard,320,53,"11,5","0,308","0,616","5,2","1,2","1,1","0,7","0,4","0,1","0,4","2,6","6,1","1,0","1,2"
Chimezie Metu,335,40,"10,4","0,522","0,734","4,6","0,3","2,8","0,5","0,4","0,3","0,5","1,8","3,6","0,7","0,9"
Jalen Hood-Schifino,345,40,"11,8","0,337","0,692","5,3","0,7","1,0","2,1","0,4","0,1","0,9","2,3","5,7","1,1","1,4"
Jordan Walsh,370,49,"10,4","0,325","0,560","3,9","0,4","1,0","0,8","0,4","0,1","0,7","2,3","5,4","1,1","1,5"
Trey Lyles,277,74,"15,9","0,450","0,808","7,1","0,9","3,9","0,8","0,3","0,4","0,8","2,5","5,4","1,4","1,8"
Danuel House Jr.,327,54,"16,8","0,446","0,748","5,9","1,0","2,2","1,0","0,3","0,3","0,6","1,9","4,3","1,0","1,3"
Jalen Smith,248,56,"14,7","0,485","0,759","7,9","0,7","5,3","0,8","0,3","0,7","0,9","3,1","6,5","1,3","1,8"
Kevin Love,211,62,"19,0","0,417","0,854","9,1","1,7","6,1","1,8","0,3","0,2","1,1","3,0","7,3","1,5","1,7"
Danilo Gallinari,290,46,"16,7","0,427","0,892","7,8","1,2","2,8","1,0","0,3","0,2","0,5","2,5","5,7","1,4","1,5"
Day'Ron Sharpe,308,54,"11,0","0,557","0,622","4,9","0,1","4,0","0,7","0,3","0,6","0,8","2,2","3,9","0,7","1,2"
Kai Jones,353,40,"10,5","0,569","0,644","3,1","0,1","2,3","0,3","0,3","0,6","0,6","1,3","2,3","0,4","0,6"
Goga Bitadze,359,40,"10,2","0,525","0,640","4,1","0,2","2,8","0,8","0,3","0,6","0,6","1,4","2,7","0,6","1,0"
Bryce McGowens,383,64,"17,1","0,397","0,750","5,4","0,6","2,0","1,2","0,3","0,1","0,9","1,8","4,4","1,3","1,8"
Wesley Matthews,393,34,"12,4","0,383","0,842","2,9","0,6","1,4","0,5","0,3","0,1","0,3","1,0","2,6","0,3","0,4"
Simone Fontecchio,395,40,"12,4","0,369","0,792","5,4","1,0","1,4","0,7","0,3","0,1","0,6","1,9","5,1","0,6","0,7"
Kenneth Lofton Jr.,399,34,"10,1","0,527","0,592","7,0","0,4","3,0","1,2","0,3","0,1","0,7","2,8","5,4","0,9","1,6"
JD Davison,403,23,"8,4","0,420","0,500","2,5","0,3","1,2","1,4","0,3","0,3","0,5","1,0","2,5","0,1","0,3"
Ibou Badji,411,50,"10,4","0,352","0,622","2,9","0,0","2,7","0,9","0,3","0,5","0,7","1,1","3,0","0,8","1,3"
Kevon Harris,412,10,"8,4","0,437","0,763","2,6","0,3","1,3","0,3","0,3","0,1","0,4","0,9","2,0","0,6","0,8"
Sam Merrill,413,20,"8,4","0,370","0,659","3,7","0,9","1,2","0,7","0,3","0,0","0,2","1,2","3,4","0,3","0,4"
Blake Wesley,424,10,"8,4","0,322","0,589","2,3","0,3","1,0","1,3","0,3","0,1","0,8","0,9","2,7","0,3","0,6"
Thomas Bryant,241,60,"16,4","0,596","0,753","8,9","0,4","5,5","0,6","0,3","0,5","0,7","3,7","6,2","1,5","2,0"
Bol Bol,248,44,"18,1","0,539","0,723","6,4","0,4","4,3","0,8","0,3","0,9","1,1","2,5","4,7","0,8","1,1"
Mike Muscala,319,46,"13,4","0,460","0,803","6,2","1,3","3,1","0,7","0,3","0,4","0,4","2,0","4,5","0,7","0,9"
Nick Richards,276,69,"18,3","0,630","0,742","7,8","0,0","6,0","0,6","0,3","1,0","1,0","3,3","5,2","2,1","2,9"
Patty Mills,314,30,"11,6","0,411","0,823","4,9","1,1","1,2","1,1","0,3","0,1","0,5","1,7","4,1","0,4","0,5"
Daniel Theis,332,25,"11,7","0,514","0,648","4,7","0,4","3,3","0,7","0,3","0,4","0,6","1,9","3,6","0,6","0,9"
Jeff Green,341,46,"16,6","0,507","0,779","6,6","0,5","2,5","1,0","0,3","0,3","0,7","2,3","4,6","1,3","1,7"
James Wiseman,202,60,"22,3","0,538","0,693","12,0","0,2","7,1","0,8","0,3","0,9","1,5","5,3","9,8","1,8","2,6"
Jock Landale,295,70,"13,2","0,503","0,777","5,9","0,4","3,6","0,9","0,3","0,4","0,8","2,4","4,7","1,0","1,3"
Leonard Miller,325,53,"11,3","0,361","0,554","5,1","0,4","2,5","0,9","0,3","0,2","0,6","2,8","6,0","1,2","1,7"
Damian Jones,328,60,"12,6","0,642","0,729","4,3","0,2","3,2","0,6","0,3","0,6","0,7","1,6","2,6","0,8","1,1"
Cody Zeller,418,44,"11,2","0,599","0,716","4,7","0,0","3,3","0,6","0,3","0,3","0,6","1,3","2,2","0,9","1,3"
Jordan Nwora,423,31,"4,8","0,421","0,797","4,8","0,7","2,2","0,8","0,3","0,2","0,6","1,7","4,1","0,7","0,9"
Omer Yurtseven,307,44,"10,1","0,537","0,657","4,3","0,0","4,0","0,6","0,2","0,3","0,6","1,9","3,5","0,6","0,9"
Doug McDermott,311,51,"18,7","0,469","0,763","9,3","1,6","2,2","1,2","0,2","0,1","0,8","3,4","7,2","0,7","0,9"
DeAndre Jordan,315,34,"12,7","0,709","0,495","4,3","0,0","4,7","0,7","0,2","0,6","0,9","2,0","2,7","0,5","1,0"
Mo Bamba,262,52,"15,2","0,482","0,674","5,8","0,8","4,6","0,7","0,2","0,9","0,6","2,0","4,2","0,6","1,0"
Trayce Jackson-Davis,338,46,"9,3","0,443","0,552","3,6","0,1","1,8","1,0","0,2","0,2","0,6","1,5","2,7","0,8","1,2"
Kobe Brown,354,24,"7,9","0,335","0,567","3,7","0,6","1,1","0,4","0,2","0,1","0,3","2,2","4,9","0,5","0,7"
Jericho Sims,356,29,"10,4","0,745","0,411","2,3","0,0","4,5","0,4","0,2","0,4","0,4","1,0","1,3","0,2","0,4"
Micah Potter,360,10,"8,4","0,577","0,769","3,7","0,4","2,5","0,4","0,2","0,1","0,3","1,5","2,7","0,2","0,3"
Patrick Baldwin Jr.,378,40,"8,4","0,395","0,652","4,6","1,2","1,5","0,4","0,2","0,2","0,4","1,6","4,1","0,2","0,2"
Jabari Walker,381,68,"11,4","0,448","0,750","4,2","0,3","2,4","0,6","0,2","0,2","0,5","1,7","3,7","0,6","0,8"
Peyton Watson,383,69,"15,8","0,492","0,576","6,5","0,5","3,2","0,9","0,2","0,9","0,7","2,5","5,1","1,0","1,7"
Alex Len,387,41,"9,6","0,557","0,647","3,4","0,1","2,5","0,6","0,2","0,5","0,6","1,2","2,2","0,6","0,9"
Julian Strawther,387,38,"9,6","0,368","0,663","4,4","0,8","1,2","0,6","0,2","0,1","0,4","1,7","3,9","0,4","0,6"
Nick Smith Jr.,393,40,"8,2","0,312","0,532","3,2","0,4","1,0","0,7","0,2","0,1","0,4","1,5","3,5","0,4","0,6"
AJ Green,394,30,"8,4","0,423","1,000","3,8","1,1","1,1","0,5","0,2","0,0","0,2","1,3","3,1","0,1","0,1"
Rayan Rupert,400,27,"7,1","0,291","0,570","2,4","0,3","0,6","0,7","0,2","0,1","0,4","1,3","3,2","0,6","0,8"
Jay Huff,401,10,"4,4","0,537","0,935","2,0","0,2","1,0","0,4","0,2","0,2","0,2","0,6","1,1","0,6","0,6"
Andre Jackson,411,50,"7,1","0,330","0,571","2,0","0,2","0,4","0,7","0,2","0,1","0,3","0,9","2,0","0,4","0,5"
Thanasis Antetokounmpo,416,30,"8,4","0,516","0,588","2,8","0,0","1,8","0,5","0,2","0,2","0,5","1,1","2,2","0,5","0,9"
Caleb Houstan,417,40,"10,4","0,362","0,826","2,5","0,6","1,3","0,4","0,2","0,1","0,2","0,9","2,4","0,2","0,2"
Braxton Key,419,10,"4,4","0,465","0,594","1,8","0,1","1,1","0,2","0,2","0,2","0,2","0,7","1,6","0,2","0,3"
Montrezl Harrell,369,20,"13,1","0,418","0,473","4,6","0,0","2,2","0,6","0,2","0,3","0,4","1,8","2,9","1,0","1,5"
Luke Kornet,337,58,"9,3","0,628","0,770","3,1","0,1","2,5","0,6","0,2","0,5","0,3","1,3","2,1","0,4","0,5"
Noah Clowney,365,26,"6,6","0,358","0,531","2,6","0,3","1,4","0,4","0,2","0,2","0,4","1,6","3,2","0,7","1,0"
Hunter Tyson,368,56,"9,2","0,337","0,584","3,9","0,7","1,0","0,3","0,2","0,2","0,3","2,1","4,7","0,5","0,6"
Brice Sensabaugh,376,32,"7,7","0,331","0,591","3,4","0,5","0,9","0,3","0,2","0,1","0,4","1,7","3,8","0,4","0,6"
Emoni Bates,381,18,"8,1","0,306","0,563","3,3","0,6","1,1","0,3","0,2","0,2","0,3","1,8","4,5","0,5","0,6"
Kobe Bufkin,382,52,"9,2","0,337","0,618","3,1","0,2","0,5","0,6","0,2","0,2","0,4","1,5","3,2","1,2","1,5"
Brandin Podziemski,394,46,"8,9","0,331","0,576","3,1","0,4","0,7","0,7","0,2","0,1","0,5","1,5","3,3","1,0","1,4"
Marcus Sasser,395,33,"6,5","0,311","0,625","2,1","0,3","0,3","0,3","0,2","0,0","0,4","0,8","1,9","0,3","0,4"
Jalen Pickett,403,25,"6,4","0,333","0,560","2,0","0,3","0,4","0,6","0,2","0,1","0,3","0,9","1,9","0,3","0,4"
Dariq Whitehead,406,25,"8,6","0,360","0,632","2,8","0,4","0,8","0,5","0,2","0,1","0,4","0,8","1,9","0,3","0,4"
Terry Taylor,421,16,"7,2","0,552","0,615","2,8","0,2","1,9","0,4","0,2","0,1","0,3","0,9","1,5","0,2","0,3"
JaVale McGee,340,29,"10,4","0,607","0,636","5,1","0,0","3,4","0,4","0,2","0,7","0,8","2,1","3,5","0,7","1,1"
Bruno Fernando,338,33,"8,4","0,548","0,632","3,6","0,0","3,0","0,6","0,1","0,7","0,6","1,6","2,8","0,8","1,2"
Robin Lopez,366,69,"11,9","0,614","0,658","4,9","0,1","2,3","0,8","0,1","0,4","0,8","2,0","3,4","0,6","0,9"
Udoka Azubuike,369,10,"8,4","0,790","0,417","3,1","0,0","2,9","0,2","0,1","0,4","0,5","1,5","1,9","0,2","0,5"
Neemias Queta,377,40,"10,4","0,500","0,609","4,0","0,0","2,9","0,5","0,1","0,7","0,5","1,6","3,3","0,8","1,3"
Admiral Schofield,399,30,"10,1","0,434","0,881","3,3","0,6","1,7","0,6","0,1","0,1","0,4","1,2","2,8","0,4","0,4"
A.J. Lawson,405,10,"7,4","0,500","0,727","4,1","0,7","1,5","0,1","0,1","0,0","0,2","1,5","3,0","0,4","0,6"
Anthony Gill,409,30,"8,4","0,553","0,763","2,9","0,1","1,4","0,5","0,1","0,2","0,3","1,0","1,9","0,7","0,9"